ELI,title,keywords,ChapterTitle,summary,start_char,end_char
DU/2024/17,Obwieszczenie Marszałka Sejmu Rzeczypospolitej Polskiej z dnia 7 grudnia 2023 r. w sprawie ogłoszenia jednolitego tekstu ustawy - Kodeks karny,"kodeks karny,karne prawo",Zasady odpowiedzialności karnej,"Osoba ponosi odpowiedzialność karną tylko za czyny zabronione ustawą i o społecznej szkodliwości większej niż znikoma, przy przypisanej winie. Za przestępstwo skutkowe zaniechania odpowiada tylko ten, kto miał prawny obowiązek zapobieżenia skutkowi. Kary są stosowane humanitarnie, z poszanowaniem godności człowieka. Przy zmianie prawa karnego po popełnieniu przestępstwa stosuje się prawo łagodniejsze dla sprawcy. Prawo polskie stosuje się do czynów popełnionych na terytorium Polski, chyba że inaczej stanowi umowa międzynarodowa.",9813,17684
DU/2024/17,Obwieszczenie Marszałka Sejmu Rzeczypospolitej Polskiej z dnia 7 grudnia 2023 r. w sprawie ogłoszenia jednolitego tekstu ustawy - Kodeks karny,"kodeks karny,karne prawo",Formy popełnienia przestępstwa | Wyłączenie odpowiedzialności karnej,"Sprawca usiłowania przestępstwa odpowiada karnie, nawet jeśli czyn nie doszedł do skutku z przyczyn od niego niezależnych, np. ze względu na wadliwe narzędzie. Sąd może złagodzić karę za usiłowanie, a nawet odstąpić od jej wymierzenia, zwłaszcza gdy sprawca dobrowolnie zrezygnował z dokonania czynu. Za przygotowanie do przestępstwa odpowiada się tylko wówczas, gdy ustawa to przewiduje, lecz dobrowolne odstąpienie od niego wyłącza odpowiedzialność karną. Współsprawca odpowiada za swój udział w przestępstwie, niezależnie od innych współdziałających. Obrona konieczna i stan wyższej konieczności wyłączają odpowiedzialność karną, choć ich przekroczenie może skutkować złagodzeniem kary.",17684,26279
DU/2024/17,Obwieszczenie Marszałka Sejmu Rzeczypospolitej Polskiej z dnia 7 grudnia 2023 r. w sprawie ogłoszenia jednolitego tekstu ustawy - Kodeks karny,"kodeks karny,karne prawo",Kary,"Sąd może wymierzyć grzywnę, ograniczenie wolności lub pozbawienie wolności. Wysokość grzywny zależy od dochodów sprawcy i zagrożenia karą pozbawienia wolności; minimalnie 10, maksymalnie 2000 złotych dziennie. Ograniczenie wolności może polegać na pracy społecznej lub potrąceniu części wynagrodzenia, trwając od miesiąca do dwóch lat. Kara pozbawienia wolności może trwać od miesiąca do 30 lat, a w wyjątkowych sytuacjach sąd może orzec łagodniejszą karę. W niektórych przypadkach możliwe jest orzeczenie kilku kar jednocześnie.",26279,31925
DU/2024/17,Obwieszczenie Marszałka Sejmu Rzeczypospolitej Polskiej z dnia 7 grudnia 2023 r. w sprawie ogłoszenia jednolitego tekstu ustawy - Kodeks karny,"kodeks karny,karne prawo",Środki karne (Część 1/2),"Sąd może pozbawić praw publicznych, np. prawa wyborczego, za poważne przestępstwa popełnione z wyjątkowo nagannymi motywami. Zakaz wykonywania zawodu może zostać orzeczony, gdy sprawca nadużył go przy popełnieniu przestępstwa lub jego dalsze wykonywanie zagraża innym. Osoby skazane za przestępstwa przeciwko seksualności małoletnich mogą mieć zakaz pracy z dziećmi. Sąd może nakazać opuszczenie mieszkania wspólnego z ofiarą przemocy. Za niektóre wykroczenia drogowe grozi zakaz prowadzenia pojazdów, nawet dożywotni.",31925,46925
DU/2024/17,Obwieszczenie Marszałka Sejmu Rzeczypospolitej Polskiej z dnia 7 grudnia 2023 r. w sprawie ogłoszenia jednolitego tekstu ustawy - Kodeks karny,"kodeks karny,karne prawo",Środki karne (Część 2/2),"Sąd może odstąpić od kary i nałożyć świadczenie pieniężne do 60 000 zł na rzecz Funduszu Pomocy Pokrzywdzonym. W przypadku niektórych przestępstw, takich jak kradzież z włamaniem czy pobicie, minimalna kwota świadczenia wynosi 5000 zł lub 10 000 zł. Sąd może również nakazać podanie wyroku do publicznej wiadomości, jeśli uzna to za stosowne. Wobec skazanych żołnierzy sąd może orzec degradację. W przypadku przestępstw na szkodę małoletniego, sąd może zawiadomić sąd rodzinny o możliwości pozbawienia lub ograniczenia praw rodzicielskich.",46925,49405
DU/2024/17,Obwieszczenie Marszałka Sejmu Rzeczypospolitej Polskiej z dnia 7 grudnia 2023 r. w sprawie ogłoszenia jednolitego tekstu ustawy - Kodeks karny,"kodeks karny,karne prawo",a,"Sąd może orzec przepadek przedmiotów związanych z przestępstwem, np. narzędzi użytych do jego popełnienia lub rzeczy z niego pochodzących. W przypadku niewspółmierności przepadku do wagi czynu, sąd może nałożyć nawiązkę na rzecz Skarbu Państwa. Możliwy jest również przepadek równowartości przedmiotów, jeśli ich przepadek jest niemożliwy. Jeśli przedmioty należą do osoby pokrzywdzonej, przepadek nie nastąpi. W określonych sytuacjach przepadek może dotyczyć również przedsiębiorstwa lub pojazdu mechanicznego użytego do popełnienia przestępstwa, a nawet korzyści majątkowej uzyskanej z przestępstwa.",49405,61356
DU/2024/17,Obwieszczenie Marszałka Sejmu Rzeczypospolitej Polskiej z dnia 7 grudnia 2023 r. w sprawie ogłoszenia jednolitego tekstu ustawy - Kodeks karny,"kodeks karny,karne prawo",Zasady wymiaru kary i środków karnych,"Sąd wymierza karę uwzględniając stopień szkodliwości czynu, okoliczności obciążające (np. wcześniejsza karalność, działanie z premedytacją) i łagodzące (np. naprawienie szkody, dobrowolne ujawnienie przestępstwa). Przy wymiarze kary brane są pod uwagę motywy działania sprawcy i jego zachowanie. W przypadku nieletnich priorytetem jest wychowanie. Sąd może zastosować nadzwyczajne złagodzenie kary, np. w przypadku współpracy ze śledztwem.",61356,75949
DU/2024/17,Obwieszczenie Marszałka Sejmu Rzeczypospolitej Polskiej z dnia 7 grudnia 2023 r. w sprawie ogłoszenia jednolitego tekstu ustawy - Kodeks karny,"kodeks karny,karne prawo",Powrót do przestępstwa | Środki związane z poddaniem sprawcy próbie (Część 1/2),"Sąd może wymierzyć surowszą karę za ponowne popełnienie podobnego przestępstwa w ciągu 5 lat od odbycia kary. Przykładowo, za powtórzenie kradzieży z włamaniem po odbyciu kary może zostać wymierzona kara wyższa niż pierwotnie. Sąd może warunkowo umorzyć postępowanie, jeśli wina i szkodliwość czynu są niewielkie, a sprawca ma szansę na poprawę. Warunkowe umorzenie może łączyć się z nadzorem kuratora i obowiązkami dla sprawcy, np. naprawieniem szkody. Wykonanie kary może zostać warunkowo zawieszone, a sąd może nałożyć na skazanego obowiązki, takie jak praca lub terapia.",75949,90949
DU/2024/17,Obwieszczenie Marszałka Sejmu Rzeczypospolitej Polskiej z dnia 7 grudnia 2023 r. w sprawie ogłoszenia jednolitego tekstu ustawy - Kodeks karny,"kodeks karny,karne prawo",Powrót do przestępstwa | Środki związane z poddaniem sprawcy próbie (Część 2/2),"Skazany może zostać zwolniony warunkowo po odbyciu 25 lat więzienia, niezależnie od innych okoliczności. Okres próby po warunkowym zwolnieniu wynosi od 2 do 5 lat, ale dla niektórych przestępstw jest dłuższy (np. 10 lat dla wyroków 25 lat lub wyższych, dożywotnio dla kary dożywotniego pozbawienia wolności). W przypadku odwołania warunkowego zwolnienia, ponowne zwolnienie możliwe jest po odbyciu co najmniej roku kary (5 lat w przypadku kary dożywotniej). Kara uważa się za odbytą po zakończeniu okresu próby bez odwołania warunkowego zwolnienia. Sąd może zwolnić skazanego od reszty kary ograniczenia wolności, jeśli odbył połowę kary i przestrzegał prawa.",90949,94911
DU/2024/17,Obwieszczenie Marszałka Sejmu Rzeczypospolitej Polskiej z dnia 7 grudnia 2023 r. w sprawie ogłoszenia jednolitego tekstu ustawy - Kodeks karny,"kodeks karny,karne prawo",Zbieg przestępstw oraz łączenie kar i środków karnych,"Sąd może orzec karę łączną, jeśli sprawca popełnił kilka przestępstw przed wydaniem pierwszego wyroku. Kara łączna uwzględnia cele kary, takie jak resocjalizacja skazanego i zapobieganie kolejnym przestępstwom. Wysokość kary łącznej mieści się między najwyższą z kar wymierzonych za poszczególne przestępstwa a ich sumą, z określonymi limitami. W przypadku kar grzywny, sąd ustala nową stawkę dzienną, nie wyższą niż poprzednio ustalona. Przy skazaniu za różne rodzaje kar, np. pozbawienia wolności i ograniczenia wolności, sąd orzeka karę łączną jednego rodzaju, uwzględniając przeliczenie.",94911,102737
DU/2024/17,Obwieszczenie Marszałka Sejmu Rzeczypospolitej Polskiej z dnia 7 grudnia 2023 r. w sprawie ogłoszenia jednolitego tekstu ustawy - Kodeks karny,"kodeks karny,karne prawo",Środki zabezpieczające,"Sąd może zastosować środki zabezpieczające, takie jak elektroniczny nadzór, terapię, czy pobyt w zakładzie psychiatrycznym, jeśli inne metody zapobiegania ponownemu przestępstwu okażą się niewystarczające. W przypadku niektórych przestępstw, np. tych popełnionych w stanie ograniczonej poczytalności, środki te są obligatoryjne. Sąd może orzec kilka środków zabezpieczających jednocześnie, dostosowując je do stopnia szkodliwości czynu i potrzeb sprawcy. Czas trwania środka zabezpieczającego jest nieokreślony, a sąd może go uchylić, gdy przestanie być konieczny. Środki zabezpieczające mogą być ponownie orzeczone, nawet po ich uchyleniu, jeśli zachowanie sprawcy to uzasadnia.",102737,109448
DU/2024/17,Obwieszczenie Marszałka Sejmu Rzeczypospolitej Polskiej z dnia 7 grudnia 2023 r. w sprawie ogłoszenia jednolitego tekstu ustawy - Kodeks karny,"kodeks karny,karne prawo",Przedawnienie | Zatarcie skazania,"Karalność przestępstwa wygasa po określonym czasie od jego popełnienia, np. po 40 latach w przypadku zabójstwa, a krócej dla innych czynów. Dla przestępstw ściganych z oskarżenia prywatnego termin wynosi rok od powiadomienia pokrzywdzonego, maksymalnie jednak 3 lata od popełnienia czynu. Wykonanie kary jest niedopuszczalne po upływie 30 lat od uprawomocnienia się wyroku za niektóre ciężkie przestępstwa, a krócej dla innych. Przedawnienie nie dotyczy niektórych zbrodni, np. zbrodni przeciwko pokojowi. Zatarcie skazania następuje po określonym czasie od wykonania kary, np. po 10 latach od wykonania kary pozbawienia wolności.",109448,115536
DU/2024/17,Obwieszczenie Marszałka Sejmu Rzeczypospolitej Polskiej z dnia 7 grudnia 2023 r. w sprawie ogłoszenia jednolitego tekstu ustawy - Kodeks karny,"kodeks karny,karne prawo",Odpowiedzialność za przestępstwa popełnione za granicą,"Obywatel polski odpowiada przed polskim sądem za przestępstwa popełnione za granicą. Cudzoziemiec może zostać pociągnięty do odpowiedzialności w Polsce za czyny skierowane przeciwko polskim interesom lub za przestępstwa o charakterze terrorystycznym popełnione za granicą, nawet jeśli nie podlegają one ekstradycji. Sąd polski może uwzględnić różnice między polskim i obcym prawem przy orzekaniu kary. Wyrok wydany za granicą nie zwalnia od odpowiedzialności przed polskim sądem, ale sąd może zaliczyć karę już odbytą. W przypadku skazania przez sąd UE, polskie prawo stosuje się w kwestiach zatarcia skazania lub zastosowania nowej ustawy karnej.",115536,122148
DU/2024/17,Obwieszczenie Marszałka Sejmu Rzeczypospolitej Polskiej z dnia 7 grudnia 2023 r. w sprawie ogłoszenia jednolitego tekstu ustawy - Kodeks karny,"kodeks karny,karne prawo",Objaśnienie wyrażeń ustawowych,"Dzierżawca może zostać pociągnięty do odpowiedzialności karnej za czyny zabronione ustawą, np. kradzież. Sąd oceniając szkodliwość czynu uwzględnia m.in. wartość skradzionego mienia (znaczna powyżej 200 000 zł, wielka powyżej 1 000 000 zł), sposób działania i motywację sprawcy. Za przestępstwa podobne uznaje się te o tym samym rodzaju, z użyciem przemocy lub w celu korzyści majątkowej, np. kradzież z włamaniem i rozbój. Mieniem jest również pieniądz elektroniczny i dokumenty finansowe. Młodocianym jest sprawca poniżej 21 lat w czasie czynu i poniżej 24 lat w czasie wyroku.",122148,132353
DU/2024/17,Obwieszczenie Marszałka Sejmu Rzeczypospolitej Polskiej z dnia 7 grudnia 2023 r. w sprawie ogłoszenia jednolitego tekstu ustawy - Kodeks karny,"kodeks karny,karne prawo","Stosunek do ustaw szczególnych | Przestępstwa przeciwko pokojowi, ludzkości oraz przestępstwa wojenne","Kto wszczyna wojnę napastniczą, podlega karze dożywocia lub co najmniej 12 lat więzienia; za publiczne nawoływanie do niej – od 3 miesięcy do 5 lat więzienia. Zabójstwa w celu wyniszczenia grupy narodowej karane są dożywotnim pozbawieniem wolności lub co najmniej 12 lat więzienia; stwarzanie warunków życia zagrażających biologicznemu wyniszczeniu grupy – od 5 do 25 lat więzienia. Udział w masowych zamachach na ludność, np. zabójstwa lub tortury, grozi karą dożywocia lub co najmniej 12 lat więzienia. Przygotowania do takich zbrodni również podlegają surowym karom więzienia, od roku do 20 lat w zależności od ciężaru czynu.",132353,142513
DU/2024/17,Obwieszczenie Marszałka Sejmu Rzeczypospolitej Polskiej z dnia 7 grudnia 2023 r. w sprawie ogłoszenia jednolitego tekstu ustawy - Kodeks karny,"kodeks karny,karne prawo",Przestępstwa przeciwko Rzeczypospolitej Polskiej,"Działalność zmierzająca do pozbawienia Polski niepodległości lub zmiany ustroju karana jest nawet dożywotnim więzieniem. Przygotowania do takich działań grożą karą do 20 lat pozbawienia wolności. Przemoc wobec konstytucyjnych organów państwa skutkuje karą więzienia od 3 miesięcy do 20 lat. Działanie na szkodę Polski w kontaktach z obcym państwem może zakończyć się karą do 10 lat więzienia. Ujawnienie informacji o planowanym zamachu na niepodległość Polski może uchronić przed karą, pod warunkiem dobrowolnego zaprzestania działań i współpracy ze śledztwem.",142513,150958
DU/2024/17,Obwieszczenie Marszałka Sejmu Rzeczypospolitej Polskiej z dnia 7 grudnia 2023 r. w sprawie ogłoszenia jednolitego tekstu ustawy - Kodeks karny,"kodeks karny,karne prawo",Przestępstwa przeciwko obronności | Przestępstwa przeciwko życiu i zdrowiu,"Kto atakuje Siły Zbrojne RP, niszczy obiekty o znaczeniu obronnym, lub przygotowuje się do takich czynów, podlega karze więzienia. Obywatel polski wstępujący do obcego wojska bez zgody władz również podlega karze. Zaciąganie Polaków do służby w obcym wojsku lub służbie najemnej jest surowo karane. Utrudnianie służby wojskowej poprzez oszustwo lub samopodanie się karalne, grozi karą więzienia. Za zabójstwo grozi kara pozbawienia wolności od 10 lat do dożywocia, a w szczególnych okolicznościach nawet dożywocie.",150958,165719
DU/2024/17,Obwieszczenie Marszałka Sejmu Rzeczypospolitej Polskiej z dnia 7 grudnia 2023 r. w sprawie ogłoszenia jednolitego tekstu ustawy - Kodeks karny,"kodeks karny,karne prawo",Przestępstwa przeciwko bezpieczeństwu powszechnemu,"Kto spowoduje pożar lub eksplozję zagrażającą życiu lub zdrowiu wielu osób, podlega karze do 10 lat więzienia. Za nieumyślne spowodowanie takiego zdarzenia grozi kara do 5 lat pozbawienia wolności. W przypadku śmierci lub ciężkiego uszczerbku na zdrowiu wielu osób, kara więzienia wzrasta, nawet do 15 lat. Sprowadzenie bezpośredniego niebezpieczeństwa takiego zdarzenia skutkuje karą do 8 lat więzienia. Umyślne lub nieumyślne spowodowanie zagrożenia epidemiologicznego lub uszkodzenia urządzeń użyteczności publicznej również podlega karze pozbawienia wolności.",165719,173214
DU/2024/17,Obwieszczenie Marszałka Sejmu Rzeczypospolitej Polskiej z dnia 7 grudnia 2023 r. w sprawie ogłoszenia jednolitego tekstu ustawy - Kodeks karny,"kodeks karny,karne prawo",Przestępstwa przeciwko bezpieczeństwu w komunikacji,"Sprawca katastrofy w ruchu, zagrażającej życiu lub zdrowiu wielu osób albo mieniu w wielkich rozmiarach, podlega karze do 10 lat więzienia; jeśli działał nieumyślnie, kara wynosi do 5 lat. Przy śmierci lub ciężkim uszczerbku na zdrowiu wielu osób, kary są wyższe - od 2 do 15 lat (umyślne działanie) lub od 6 miesięcy do 8 lat (nieumyślne). Kto dobrowolnie zapobiegnie niebezpieczeństwu, może liczyć na złagodzenie kary. Za spowodowanie wypadku drogowego z obrażeniami ciała, grozi kara do 3 lat więzienia, a przy śmierci pokrzywdzonego – do 8 lat.",173214,180173
DU/2024/17,Obwieszczenie Marszałka Sejmu Rzeczypospolitej Polskiej z dnia 7 grudnia 2023 r. w sprawie ogłoszenia jednolitego tekstu ustawy - Kodeks karny,"kodeks karny,karne prawo",Przestępstwa przeciwko środowisku,"Kto zniszczy znaczną część świata roślinnego lub zwierzęcego, może trafić do więzienia na 6 miesięcy do 8 lat. Za zniszczenie chronionych roślin, zwierząt lub ich siedlisk grozi grzywna, ograniczenie wolności lub więzienie do 5 lat. Nieumyślne spowodowanie szkody w świecie roślinnym lub zwierzęcym skutkuje mniejszymi karami, np. grzywną lub ograniczeniem wolności. Zanieczyszczenie środowiska, np. wody lub powietrza, w stopniu zagrażającym życiu lub zdrowiu, może skutkować karą więzienia od 6 miesięcy do 8 lat. Za nielegalne składowanie odpadów grozi kara pozbawienia wolności od roku do 10 lat.",180173,187468
DU/2024/17,Obwieszczenie Marszałka Sejmu Rzeczypospolitej Polskiej z dnia 7 grudnia 2023 r. w sprawie ogłoszenia jednolitego tekstu ustawy - Kodeks karny,"kodeks karny,karne prawo",Przestępstwa przeciwko wolności,"Pozbawienie kogoś wolności grozi karą od 3 miesięcy do 5 lat więzienia, a w przypadku dłuższego niż 7 dni – od 1 do 10 lat. Jeśli ofiarą jest osoba niepełnosprawna, kara wzrasta do 2-15 lat więzienia. Szczególne udręczenie podczas pozbawienia wolności skutkuje karą od 5 do 25 lat więzienia. Handel ludźmi podlega karze od 3 do 20 lat więzienia. Groźba popełnienia przestępstwa, budząca uzasadnioną obawę, karana jest do 3 lat więzienia, a ściganie następuje na wniosek pokrzywdzonego.",187468,192598
DU/2024/17,Obwieszczenie Marszałka Sejmu Rzeczypospolitej Polskiej z dnia 7 grudnia 2023 r. w sprawie ogłoszenia jednolitego tekstu ustawy - Kodeks karny,"kodeks karny,karne prawo",Przestępstwa przeciwko wolności sumienia i wyznania | Przestępstwa przeciwko wolności seksualnej i obyczajności,"Ograniczanie praw z powodu wyznania podlega karze grzywny, ograniczenia wolności lub pozbawienia wolności do dwóch lat. Złośliwe przeszkadzanie w praktykach religijnych lub pogrzebie skutkuje taką samą karą. Obrażanie uczuć religijnych poprzez znieważanie publiczne obiektów kultu religijnego również jest karalne. Przemoc seksualna jest surowo karana, nawet do 20 lat więzienia, w zależności od okoliczności, takich jak współsprawstwo, użycie broni, lub ofiara będąca kobietą w ciąży. Wykorzystywanie bezradności innej osoby do czynności seksualnych jest również przestępstwem zagrożonym karą więzienia.",192598,201881
DU/2024/17,Obwieszczenie Marszałka Sejmu Rzeczypospolitej Polskiej z dnia 7 grudnia 2023 r. w sprawie ogłoszenia jednolitego tekstu ustawy - Kodeks karny,"kodeks karny,karne prawo",Przestępstwa przeciwko rodzinie i opiece,"Zawarcie małżeństwa w trakcie trwania poprzedniego podlega karze grzywny, ograniczenia wolności lub pozbawienia wolności do dwóch lat. Znęcanie się fizyczne lub psychiczne nad osobą bliską skutkuje karą pozbawienia wolności od 3 miesięcy do 5 lat, a w przypadku osób nieporadnych – od 6 miesięcy do 8 lat. Uchylanie się od płacenia alimentów, gdy zaległości wynoszą co najmniej trzykrotność świadczenia okresowego lub trwają dłużej niż 3 miesiące, jest karalne grzywną, ograniczeniem wolności lub pozbawieniem wolności do roku. Porzucenie małoletniego lub osoby nieporadnej grozi karą pozbawienia wolności od 3 miesięcy do 5 lat. Nielegalna działalność związana z adopcją dzieci, w celu osiągnięcia korzyści majątkowej, jest karana pozbawieniem wolności od 3 miesięcy do 5 lat.",201881,206984
DU/2024/17,Obwieszczenie Marszałka Sejmu Rzeczypospolitej Polskiej z dnia 7 grudnia 2023 r. w sprawie ogłoszenia jednolitego tekstu ustawy - Kodeks karny,"kodeks karny,karne prawo",Przestępstwa przeciwko czci i nietykalności cielesnej | Przestępstwa przeciwko prawom osób wykonujących pracę zarobkową,"Pomówienie innej osoby o zachowanie mogące ją poniżyć podlega grzywnie lub ograniczeniu wolności, a w przypadku użycia mediów – nawet więzieniu do roku. Sąd może nakazać nawiązkę na rzecz pokrzywdzonego. Prawdziwy zarzut niepubliczny jest usprawiedliwieniem, podobnie jak publiczny zarzut dotyczący osoby publicznej lub obrony społecznego interesu (z wyjątkami dotyczącymi życia prywatnego). Zniewaga innej osoby grozi grzywną lub ograniczeniem wolności, a w przypadku mediów – również więzieniem do roku. Naruszenie nietykalności cielesnej karane jest grzywną, ograniczeniem wolności lub więzieniem do roku.",206984,212775
DU/2024/17,Obwieszczenie Marszałka Sejmu Rzeczypospolitej Polskiej z dnia 7 grudnia 2023 r. w sprawie ogłoszenia jednolitego tekstu ustawy - Kodeks karny,"kodeks karny,karne prawo",Przestępstwa przeciwko działalności instytucji państwowych oraz samorządu terytorialnego,"Naruszenie nietykalności cielesnej funkcjonariusza publicznego podczas służby skutkuje karą grzywny, ograniczenia wolności lub pozbawienia wolności do 3 lat; w przypadku niewłaściwego zachowania funkcjonariusza sąd może złagodzić karę. Czynna napaść na funkcjonariusza, zwłaszcza z użyciem broni, grozi karą pozbawienia wolności od 1 do 10 lat, a w przypadku ciężkiego uszczerbku na zdrowiu – od 2 do 15 lat. Publiczne nawoływanie do ujawnienia prywatnych informacji funkcjonariusza, zagrażających jego bezpieczeństwu, jest karalne i grozi do 3 lat pozbawienia wolności. Udostępnienie takich informacji bez zgody funkcjonariusza może skutkować karą od 3 miesięcy do 5 lat więzienia, a ich publiczne rozpowszechnienie – od 6 miesięcy do 8 lat.",212775,225650
DU/2024/17,Obwieszczenie Marszałka Sejmu Rzeczypospolitej Polskiej z dnia 7 grudnia 2023 r. w sprawie ogłoszenia jednolitego tekstu ustawy - Kodeks karny,"kodeks karny,karne prawo",Przestępstwa przeciwko wymiarowi sprawiedliwości,"Ktoś, kto grozi lub stosuje przemoc, by wpłynąć na postępowanie sądowe, może trafić do więzienia na 3 miesiące do 5 lat. Świadek składający fałszywe zeznanie w sądzie podlega karze od 6 miesięcy do 8 lat więzienia, chyba że zrobił to z obawy przed odpowiedzialnością. Biegły przedstawiający fałszywą opinię może spędzić w więzieniu od 1 do 10 lat. Fałszywe oskarżenie innej osoby o przestępstwo grozi karą od 3 miesięcy do 5 lat pozbawienia wolności. Zatajenie dowodów niewinności może skutkować grzywną, ograniczeniem wolności lub więzieniem do 2 lat.",225650,238190
DU/2024/17,Obwieszczenie Marszałka Sejmu Rzeczypospolitej Polskiej z dnia 7 grudnia 2023 r. w sprawie ogłoszenia jednolitego tekstu ustawy - Kodeks karny,"kodeks karny,karne prawo",Przestępstwa przeciwko wyborom i referendum | Przestępstwa przeciwko porządkowi publicznemu,"Manipulowanie listami wyborczymi lub dokumentacją wyborczą (np. dodanie lub usunięcie nazwisk) zagrożone jest karą do 3 lat więzienia. Przeszkadzanie w głosowaniu, np. poprzez przemoc lub groźby, skutkuje karą od 3 miesięcy do 5 lat więzienia. Przyjęcie korzyści za głosowanie w określony sposób jest karane od 3 miesięcy do 5 lat pozbawienia wolności. Naruszenie tajności głosowania może skutkować karą grzywny, ograniczenia wolności lub nawet 2 lat więzienia. Użycie przemocy lub groźb w celu wpłynięcia na głosowanie jest zagrożone karą od 3 miesięcy do 5 lat pozbawienia wolności.",238190,250813
DU/2024/17,Obwieszczenie Marszałka Sejmu Rzeczypospolitej Polskiej z dnia 7 grudnia 2023 r. w sprawie ogłoszenia jednolitego tekstu ustawy - Kodeks karny,"kodeks karny,karne prawo",Przestępstwa przeciwko ochronie informacji,"Ujawnienie informacji oznaczonych klauzulą ""tajne"" lub ""ściśle tajne"" grozi karą pozbawienia wolności od 3 miesięcy do 8 lat, w zależności od okoliczności. Nieumyślne ujawnienie takich informacji, np. przez urzędnika, może skutkować grzywną lub krótszym więzieniem. Ujawnienie informacji poufnych uzyskanych w pracy, nawet bez klauzuli tajności, może skutkować karą grzywny, ograniczenia wolności lub więzienia do 2 lat. Nieuprawnione uzyskanie dostępu do informacji, np. przez włamanie do systemu komputerowego, grozi karą do 2 lat pozbawienia wolności. Niszczenie lub uszkadzanie danych informatycznych, zwłaszcza o znaczeniu dla obronności kraju, podlega karze pozbawienia wolności nawet do 8 lat.",250813,256869
DU/2024/17,Obwieszczenie Marszałka Sejmu Rzeczypospolitej Polskiej z dnia 7 grudnia 2023 r. w sprawie ogłoszenia jednolitego tekstu ustawy - Kodeks karny,"kodeks karny,karne prawo",Przestępstwa przeciwko wiarygodności dokumentów,"Podrabianie lub używanie podrobionego dokumentu grozi karą do 5 lat więzienia, a w przypadku faktury – nawet do 20 lat. Wypełnienie blankietu cudzym podpisem niezgodnie z wolą podpisującego skutkuje taką samą karą. Za przygotowania do takich czynów grozi kara grzywny, ograniczenia wolności lub do 2 lat więzienia. Funkcjonariusz publiczny poświadczający nieprawdę w dokumencie może trafić do więzienia na okres od 3 miesięcy do 8 lat, w zależności od okoliczności. Użycie podrobionego dokumentu może skutkować karą grzywny, ograniczenia wolności lub więzienia do 2 lat.",256869,263640
DU/2024/17,Obwieszczenie Marszałka Sejmu Rzeczypospolitej Polskiej z dnia 7 grudnia 2023 r. w sprawie ogłoszenia jednolitego tekstu ustawy - Kodeks karny,"kodeks karny,karne prawo",Przestępstwa przeciwko mieniu,"Zabranie cudzej rzeczy ruchomej w celu przywłaszczenia jest kradzieżą, zagrożoną karą pozbawienia wolności od 3 miesięcy do 5 lat. Za kradzież z włamaniem grozi kara od roku do 10 lat więzienia. Kradzież połączona z przemocą wobec osoby lub groźbą jej użycia jest rozbojem, karanym od 2 do 15 lat pozbawienia wolności. Przywłaszczenie cudzej rzeczy podlega karze do 3 lat więzienia, a za przywłaszczenie rzeczy powierzonej - od 3 miesięcy do 5 lat. W przypadku mniejszej wagi przestępstwa, sąd może zastosować niższą karę, np. grzywnę.",263640,274108
DU/2024/17,Obwieszczenie Marszałka Sejmu Rzeczypospolitej Polskiej z dnia 7 grudnia 2023 r. w sprawie ogłoszenia jednolitego tekstu ustawy - Kodeks karny,"kodeks karny,karne prawo",Przestępstwa przeciwko obrotowi gospodarczemu i interesom majątkowym w obrocie cywilnoprawnym (Część 1/2),"Dzierżawca zajmujący się majątkiem osoby trzeciej, nadużywając uprawnień lub zaniedbując obowiązki, może ponieść karę więzienia do 5 lat, a w przypadku zagrożenia szkodą – do 3 lat. Działanie w celu osiągnięcia korzyści zwiększa karę do 8 lat, a wyrządzenie szkody w wielkich rozmiarach – do 10 lat. Dobrowolne naprawienie szkody przed postępowaniem karnym zwalnia z kary. Za żądanie lub przyjęcie korzyści w zamian za nadużycie uprawnień grozi kara więzienia od 3 miesięcy do 5 lat. Nierzetelne prowadzenie dokumentacji gospodarczej może skutkować karą pozbawienia wolności do 3 lat, a przy znacznej szkodzie – do 5 lat.",274108,289108
DU/2024/17,Obwieszczenie Marszałka Sejmu Rzeczypospolitej Polskiej z dnia 7 grudnia 2023 r. w sprawie ogłoszenia jednolitego tekstu ustawy - Kodeks karny,"kodeks karny,karne prawo",Przestępstwa przeciwko obrotowi gospodarczemu i interesom majątkowym w obrocie cywilnoprawnym (Część 2/2),"Za kradzież tablicy rejestracyjnej grozi kara od 3 miesięcy do 5 lat pozbawienia wolności. Użycie podrobionej lub nieprzypisanej tablicy podlega takiej samej karze. Dobrowolne naprawienie szkody w całości może skutkować złagodzeniem kary, a nawet jej umorzeniem. Za niektóre przestępstwa przeciwko obrotowi gospodarczemu sąd może orzec grzywnę do 3000 stawek dziennych. Odpowiedzialność za przestępstwa z tego rozdziału ponosi również osoba zarządzająca majątkiem innej osoby.",289108,291245
DU/2024/17,Obwieszczenie Marszałka Sejmu Rzeczypospolitej Polskiej z dnia 7 grudnia 2023 r. w sprawie ogłoszenia jednolitego tekstu ustawy - Kodeks karny,"kodeks karny,karne prawo",Przestępstwa przeciwko obrotowi pieniędzmi i papierami wartościowymi | Przepisy ogólne dotyczące żołnierzy,"Podrabianie pieniędzy lub dokumentów płatniczych grozi karą od 5 do 25 lat więzienia. Puszczanie podrobionych pieniędzy lub dokumentów w obieg karane jest od 1 do 10 lat więzienia. Rozpowszechnianie fałszywych informacji o papierach wartościowych może skutkować karą do 3 lat więzienia. Za podrobienie urzędowych znaków wartościowych grozi kara do 3 lat więzienia. W przypadku mniejszej wagi przestępstwa, sąd może złagodzić karę.",291245,301818
DU/2024/17,Obwieszczenie Marszałka Sejmu Rzeczypospolitej Polskiej z dnia 7 grudnia 2023 r. w sprawie ogłoszenia jednolitego tekstu ustawy - Kodeks karny,"kodeks karny,karne prawo",Przestępstwa przeciwko obowiązkowi pełnienia służby wojskowej | Przestępstwa przeciwko zasadom dyscypliny wojskowej,"Żołnierz samowolnie opuszczający jednostkę na krótko może otrzymać karę ograniczenia wolności. Dłuższa nieobecność (powyżej 48 godzin, do 7 dni) skutkuje karą ograniczenia wolności, aresztu wojskowego lub więzienia do roku. Ucieczka na ponad 7 dni grozi aresztem wojskowym lub więzieniem do 3 lat. Dezercja, czyli opuszczenie jednostki w celu uniknięcia służby, jest surowo karana – nawet do 10 lat więzienia, w zależności od okoliczności. W przypadku dobrowolnego powrotu po nie dłuższej niż 14-dniowej nieobecności, sąd może złagodzić karę.",301818,307685
DU/2024/17,Obwieszczenie Marszałka Sejmu Rzeczypospolitej Polskiej z dnia 7 grudnia 2023 r. w sprawie ogłoszenia jednolitego tekstu ustawy - Kodeks karny,"kodeks karny,karne prawo",Przestępstwa przeciwko zasadom postępowania z podwładnymi | Przestępstwa przeciwko zasadom obchodzenia się z uzbrojeniem i uzbrojonym sprzętem wojskowym | Przestępstwa przeciwko zasadom pełnienia służby | Przestępstwa przeciwko mieniu wojskowemu,"Żołnierz poniżający lub znieważający podwładnego może trafić do więzienia na dwa lata. Za uderzenie podwładnego grozi areszt wojskowy lub do dwóch lat więzienia. Znęcanie się fizyczne lub psychiczne nad podwładnym skutkuje karą od 3 miesięcy do 5 lat więzienia, a przy szczególnym okrucieństwie – od roku do 10 lat. Nieostrożne obchodzenie się z bronią może skutkować karą do 3 lat więzienia, a w przypadku śmierci innej osoby – od 6 miesięcy do 8 lat więzienia. Za samowolne użycie wojskowego pojazdu mechanicznego grozi kara do dwóch lat więzienia.",307685,313223
DU/2024/1587,Obwieszczenie Ministra Funduszy i Polityki Regionalnej z dnia 18 października 2024 r. w sprawie ogłoszenia jednolitego tekstu rozporządzenia Ministra Funduszy i Polityki Regionalnej w sprawie udzielania regionalnej pomocy inwestycyjnej ze środków Funduszu na rzecz Sprawiedliwej Transformacji w ramach regionalnych programów na lata 2021-2027,"fundusze,programy wieloletnie,regiony,inwestycje,pomoc finansowa",Dokument,"Przedsiębiorca może otrzymać regionalną pomoc inwestycyjną z Funduszu na rzecz Sprawiedliwej Transformacji na obszarach wskazanych w planie transformacji, w ramach określonych regionalnych programów. Pomoc, udzielana w formie dotacji, pożyczki, gwarancji lub poręczenia, przeznaczona jest na inwestycje początkowe, np. budowę nowej fabryki. W przypadku dużych przedsiębiorców w niektórych województwach pomoc dotyczy wyłącznie inwestycji zapoczątkowujących nową działalność. Wnioski o pomoc składa się do wskazanych podmiotów, a jej udzielenie wymaga spełnienia określonych warunków i może podlegać zatwierdzeniu przez Komisję Europejską, szczególnie przy dużych kwotach wsparcia.",3592,14046
DU/2023/2151,Obwieszczenie Marszałka Sejmu Rzeczypospolitej Polskiej z dnia 4 września 2023 r. w sprawie ogłoszenia jednolitego tekstu ustawy o wychowaniu w trzeźwości i przeciwdziałaniu alkoholizmowi,"przeciwdziałanie alkoholizmowi,ochrona zdrowia",Przepisy ogólne (Część 1/5),"Władze na wszystkich szczeblach muszą podejmować działania ograniczające spożycie alkoholu, np. poprzez kampanie edukacyjne i wspieranie organizacji promujących trzeźwość. Samorządy gmin i województw tworzą programy przeciwdziałania alkoholizmowi, obejmujące pomoc dla uzależnionych i ich rodzin, np. terapię i wsparcie prawne. Ministerstwa odpowiadają za kształcenie specjalistów i prowadzenie badań nad alkoholizmem. Handel hurtowy alkoholem wymaga zezwolenia, udzielanego przez odpowiedni organ na podstawie wniosku przedsiębiorcy. Ministerstwo właściwe do spraw oświaty i wychowania musi uwzględniać problem trzeźwości w programach nauczania.",3196,18196
DU/2023/2151,Obwieszczenie Marszałka Sejmu Rzeczypospolitej Polskiej z dnia 4 września 2023 r. w sprawie ogłoszenia jednolitego tekstu ustawy o wychowaniu w trzeźwości i przeciwdziałaniu alkoholizmowi,"przeciwdziałanie alkoholizmowi,ochrona zdrowia",Przepisy ogólne (Część 2/5),"Dzierżawca może uzyskać zezwolenie na obrót hurtowy alkoholem, ale jego ważność i opłata zależą od rodzaju i ilości alkoholu. Właściciel ma prawo do zwiększenia limitu obrotu, składając stosowny wniosek. Za wydanie zezwolenia, jego duplikatu lub zmian pobiera się opłaty, których wysokość zależy od obrotu i rodzaju alkoholu. Niektórzy producenci są zwolnieni z obowiązku uzyskania zezwolenia. Przedsiębiorcy muszą składać zawiadomienia o ilości sprzedanego alkoholu.",18196,33196
DU/2023/2151,Obwieszczenie Marszałka Sejmu Rzeczypospolitej Polskiej z dnia 4 września 2023 r. w sprawie ogłoszenia jednolitego tekstu ustawy o wychowaniu w trzeźwości i przeciwdziałaniu alkoholizmowi,"przeciwdziałanie alkoholizmowi,ochrona zdrowia",Przepisy ogólne (Część 3/5),"Gminy otrzymują część opłat za sprzedaż alkoholu, przeznaczając je na lokalne programy przeciwdziałania skutkom alkoholizmu. Narodowy Fundusz Zdrowia otrzymuje również część opłat, przeznaczając je na edukację, profilaktykę i leczenie uzależnień. Przedsiębiorcy sprzedający alkohol muszą spełniać określone warunki, np. zaopatrywać się u legalnych dostawców i posiadać odpowiedni magazyn. Nieprzestrzeganie tych warunków może skutkować cofnięciem zezwolenia na sprzedaż. Rada gminy może ograniczyć liczbę punktów sprzedaży alkoholu i ustalać godziny sprzedaży.",33196,48196
DU/2023/2151,Obwieszczenie Marszałka Sejmu Rzeczypospolitej Polskiej z dnia 4 września 2023 r. w sprawie ogłoszenia jednolitego tekstu ustawy o wychowaniu w trzeźwości i przeciwdziałaniu alkoholizmowi,"przeciwdziałanie alkoholizmowi,ochrona zdrowia",Przepisy ogólne (Część 4/5),"Producenci napojów z zawartością alkoholu do 18% mogą jedynie podawać nazwę lub znak towarowy w radiu i telewizji, przy czym w telewizji zabronione jest użycie osoby fizycznej lub wizerunku. Sprzedaż alkoholu osobom poniżej 18 roku życia jest zabroniona. W wielu miejscach publicznych, np. szkołach czy zakładach pracy, sprzedaż i spożycie alkoholu jest zakazane. Na imprezach plenerowych alkohol powyżej 4,5% może być sprzedawany tylko z zezwoleniem. Przedsiębiorcy sprzedający alkohol muszą wnosić opłatę w wysokości 10% podstawy opodatkowania VAT, a zebrane środki trafiają do Funduszu Zajęć Sportowych dla Uczniów.",48196,63196
DU/2023/2151,Obwieszczenie Marszałka Sejmu Rzeczypospolitej Polskiej z dnia 4 września 2023 r. w sprawie ogłoszenia jednolitego tekstu ustawy o wychowaniu w trzeźwości i przeciwdziałaniu alkoholizmowi,"przeciwdziałanie alkoholizmowi,ochrona zdrowia",Przepisy ogólne (Część 5/5),"Właściciel lokalu musi posiadać tytuł prawny do jego użytkowania, aby prowadzić sprzedaż alkoholu. Sprzedaż alkoholu wymaga zezwolenia, którego wydanie podlega opłacie. Przedsiębiorca zobowiązany jest do zaopatrywania się w alkohol od uprawnionych dostawców i przestrzegania warunków określonych przez radę gminy. Nieprzestrzeganie przepisów, np. sprzedaż nieletnim, może skutkować cofnięciem zezwolenia. Cofnięcie zezwolenia uniemożliwia sprzedaż alkoholu na okres co najmniej 3 lat.",63196,73987
DU/2023/2151,Obwieszczenie Marszałka Sejmu Rzeczypospolitej Polskiej z dnia 4 września 2023 r. w sprawie ogłoszenia jednolitego tekstu ustawy o wychowaniu w trzeźwości i przeciwdziałaniu alkoholizmowi,"przeciwdziałanie alkoholizmowi,ochrona zdrowia",Postępowanie w stosunku do osób nadużywających alkoholu (Część 1/4),"Leczenie odwykowe osób uzależnionych od alkoholu jest bezpłatne i dobrowolne, z wyjątkami określonymi w ustawie. Samorządy województw i powiatów tworzą i prowadzą podmioty lecznicze udzielające takich świadczeń. Członkowie rodzin osób uzależnionych mogą otrzymać bezpłatną pomoc psychologiczną i socjoterapeutyczną. Sąd może zobowiązać osobę nadużywającą alkoholu do leczenia odwykowego, po przeprowadzeniu badania przez biegłego. W razie uchylania się od leczenia, sąd może zarządzić przymusowe doprowadzenie do zakładu leczniczego.",73987,88987
DU/2023/2151,Obwieszczenie Marszałka Sejmu Rzeczypospolitej Polskiej z dnia 4 września 2023 r. w sprawie ogłoszenia jednolitego tekstu ustawy o wychowaniu w trzeźwości i przeciwdziałaniu alkoholizmowi,"przeciwdziałanie alkoholizmowi,ochrona zdrowia",Postępowanie w stosunku do osób nadużywających alkoholu (Część 2/4),"Osoba doprowadzona do izby wytrzeźwień może zostać tam umieszczona do czasu wytrzeźwienia. Obowiązek poddania się leczeniu odwykowemu trwa maksymalnie dwa lata, ale sąd może go skrócić lub zmienić rodzaj placówki. Sąd może również zawiadomić prokuratora o potrzebie całkowitego ubezwłasnowolnienia osoby uzależnionej. Sędzia ma prawo kontrolować legalność pobytu osób w zakładach leczniczych i domach pomocy społecznej. W zakładach karnych i aresztach prowadzone jest leczenie odwykowe dla osadzonych.",88987,103987
DU/2023/2151,Obwieszczenie Marszałka Sejmu Rzeczypospolitej Polskiej z dnia 4 września 2023 r. w sprawie ogłoszenia jednolitego tekstu ustawy o wychowaniu w trzeźwości i przeciwdziałaniu alkoholizmowi,"przeciwdziałanie alkoholizmowi,ochrona zdrowia",Postępowanie w stosunku do osób nadużywających alkoholu (Część 3/4),"Osoba nietrzeźwa może zostać doprowadzona do izby wytrzeźwień, placówki lub jednostki policji. Pobyt trwa maksymalnie 24 godziny, a osobom poniżej 18 roku życia zapewnia się oddzielne pomieszczenia. Przysługuje prawo zażalenia do sądu na decyzję o przyjęciu lub zatrzymaniu. W przypadku stwierdzenia nielegalności doprowadzenia, sąd informuje prokuraturę i przełożonych. Za pobyt pobierana jest opłata, której maksymalna wysokość jest corocznie waloryzowana.",103987,118987
DU/2023/2151,Obwieszczenie Marszałka Sejmu Rzeczypospolitej Polskiej z dnia 4 września 2023 r. w sprawie ogłoszenia jednolitego tekstu ustawy o wychowaniu w trzeźwości i przeciwdziałaniu alkoholizmowi,"przeciwdziałanie alkoholizmowi,ochrona zdrowia",Postępowanie w stosunku do osób nadużywających alkoholu (Część 4/4),"Dzierżawca izby wytrzeźwień musi uiścić opłatę za pobyt w ciągu 3 lat od terminu płatności; w przeciwnym razie roszczenie przedawnia się. Obowiązek uiszczenia opłaty nie powstaje, jeśli wezwanie do zapłaty zostanie doręczone po upływie 3 lat od wypuszczenia. Izby wytrzeźwień muszą spełniać określone wymagania dotyczące bezpieczeństwa i personelu, w tym posiadania odpowiednich kwalifikacji i zdolności psychicznej potwierdzonej opinią psychologiczną (z wyjątkiem lekarzy i felczerów). Minister Zdrowia reguluje szczegółowe zasady funkcjonowania izb, w tym kwestie depozytów, dokumentacji i procedur medycznych. Wszelkie działania muszą uwzględniać prawa osób przebywających w izbach wytrzeźwień i zapewnienie im należytej opieki.",118987,121550
DU/2023/2151,Obwieszczenie Marszałka Sejmu Rzeczypospolitej Polskiej z dnia 4 września 2023 r. w sprawie ogłoszenia jednolitego tekstu ustawy o wychowaniu w trzeźwości i przeciwdziałaniu alkoholizmowi,"przeciwdziałanie alkoholizmowi,ochrona zdrowia",Przepisy karne,"Sprzedaż alkoholu bez zezwolenia lub z jego naruszeniem skutkuje grzywną dla sprzedawcy i kierownika lokalu. Właściciel lokalu może stracić alkohol, a nawet prawo do sprzedaży alkoholu, nawet jeśli nie jest jego właścicielem. Spożywanie alkoholu w miejscach zabronionych lub nabywanie go z nielegalnych źródeł również podlega karze grzywny. Pracodawca dopuszczający do spożywania alkoholu w zakładzie pracy także poniesie odpowiedzialność finansową. Reklama alkoholu bez zezwolenia wiąże się z wysoką grzywną, sięgającą nawet 500 000 złotych.",121550,126620
DU/2023/2151,Obwieszczenie Marszałka Sejmu Rzeczypospolitej Polskiej z dnia 4 września 2023 r. w sprawie ogłoszenia jednolitego tekstu ustawy o wychowaniu w trzeźwości i przeciwdziałaniu alkoholizmowi,"przeciwdziałanie alkoholizmowi,ochrona zdrowia",Przepisy przejściowe i końcowe,"Dzierżawca lokalu nie musi obawiać się zmian w definicji ""stanu wskazującego na użycie alkoholu"". Ustawa z 1959 r. o zwalczaniu alkoholizmu przestała obowiązywać. Nowe przepisy wchodzą w życie po sześciu miesiącach od daty ogłoszenia. Określenie ""stan wskazujący na użycie alkoholu"" jest teraz jednoznacznie rozumiane jako ""stan po użyciu alkoholu"". Zmiany te dotyczą interpretacji przepisów związanych z przeciwdziałaniem alkoholizmowi.",126620,127194
DU/2024/1061,Obwieszczenie Marszałka Sejmu Rzeczypospolitej Polskiej z dnia 21 czerwca 2024 r. w sprawie ogłoszenia jednolitego tekstu ustawy - Kodeks cywilny,"cywilne prawo,kodeks cywilny",Przepisy wstępne | Osoby -> Osoby fizyczne -> Zdolność prawna i zdolność do czynności prawnych,"Każdy człowiek ma zdolność prawną od urodzenia. Osoba pełnoletnia (po 18 roku życia lub zawarciu małżeństwa) ma pełną zdolność do czynności prawnych. Niepełnoletni powyżej 13 roku życia mogą być ubezwłasnowolnieni całkowicie lub częściowo, co wpływa na ich zdolność do podejmowania decyzji prawnych. Czynność prawna dokonana przez osobę niemającą zdolności prawnej jest nieważna, z wyjątkami dotyczącymi drobnych spraw codziennych. Ochronie prawnej podlegają dobra osobiste, a w przypadku ich naruszenia można dochodzić zadośćuczynienia.",4850,11624
DU/2024/1061,Obwieszczenie Marszałka Sejmu Rzeczypospolitej Polskiej z dnia 21 czerwca 2024 r. w sprawie ogłoszenia jednolitego tekstu ustawy - Kodeks cywilny,"cywilne prawo,kodeks cywilny",Miejsce zamieszkania | Uznanie za zmarłego -> Osoby prawne,"Miejsce zamieszkania dziecka pod władzą rodzicielską określa miejsce zamieszkania rodziców, chyba że władzę rodzicielską sprawuje tylko jedno z nich. W przypadku gdy rodzice mają osobne miejsca zamieszkania, miejsce zamieszkania dziecka zależy od miejsca jego stałego pobytu, a w razie wątpliwości ustala je sąd. Osoba pod opieką ma miejsce zamieszkania takie, jak jej opiekun. Każdy ma tylko jedno miejsce zamieszkania.",11624,19782
DU/2024/1061,Obwieszczenie Marszałka Sejmu Rzeczypospolitej Polskiej z dnia 21 czerwca 2024 r. w sprawie ogłoszenia jednolitego tekstu ustawy - Kodeks cywilny,"cywilne prawo,kodeks cywilny",Przedsiębiorcy i ich oznaczenia -> Mienie,"Przedsiębiorca działa pod firmą, którą należy ujawnić w rejestrze. Firma powinna odróżniać się od firm konkurencji i nie wprowadzać w błąd. Osoba fizyczna używa imienia i nazwiska, osoba prawna – nazwy, zawierającej formę prawną i potencjalnie dodatkowe informacje. Zmiana firmy wymaga zgłoszenia w rejestrze. Firma nie może być zbyta, ale przedsiębiorca może upoważnić innych do jej używania.",19782,28768
DU/2024/1061,Obwieszczenie Marszałka Sejmu Rzeczypospolitej Polskiej z dnia 21 czerwca 2024 r. w sprawie ogłoszenia jednolitego tekstu ustawy - Kodeks cywilny,"cywilne prawo,kodeks cywilny",Czynności prawne -> Przepisy ogólne | Zawarcie umowy,"Dzierżawca może korzystać z praw wynikających nie tylko z umowy, ale i z przepisów prawa, zasad współżycia społecznego oraz zwyczajów. Właściciel ma prawo zbywać swoje prawo własności, chyba że ustawa stanowi inaczej. Umowa sprzeczna z prawem lub zasadami współżycia społecznego jest nieważna; jeśli tylko część umowy jest nieważna, reszta może pozostać w mocy. Osoba trzecia, której prawa są naruszone umową, może żądać jej unieważnienia, pod warunkiem, że strony wiedziały o jej roszczeniu lub umowa była nieodpłatna.",28768,41175
DU/2024/1061,Obwieszczenie Marszałka Sejmu Rzeczypospolitej Polskiej z dnia 21 czerwca 2024 r. w sprawie ogłoszenia jednolitego tekstu ustawy - Kodeks cywilny,"cywilne prawo,kodeks cywilny",Forma czynności prawnych,"Dzierżawca przedsiębiorstwa musi zawrzeć umowę w formie pisemnej z notarialnie poświadczonymi podpisami. Właściciel może udowodnić zawarcie umowy niezgodnie z wymogami formalnymi, jeśli druga strona wyrazi zgodę lub fakt zawarcia umowy jest uprawdopodobniony dokumentem. Zmiana umowy wymaga zachowania tej samej formy, co umowa pierwotna. Potwierdzenie umowy między przedsiębiorcami pisemnie przez jedną stronę jest wiążące, chyba że druga strona niezwłocznie się sprzeciwi. Niezachowanie formy pisemnej w umowach między przedsiębiorcami nie skutkuje nieważnością, ale może utrudnić udowodnienie zawarcia umowy.",41175,47966
DU/2024/1061,Obwieszczenie Marszałka Sejmu Rzeczypospolitej Polskiej z dnia 21 czerwca 2024 r. w sprawie ogłoszenia jednolitego tekstu ustawy - Kodeks cywilny,"cywilne prawo,kodeks cywilny",Wady oświadczenia woli | Warunek | Przedstawicielstwo -> Przepisy ogólne,"Oświadczenie woli złożone przez osobę pozbawioną świadomości lub swobody działania jest nieważne, np. ze względu na chorobę psychiczną. Umowa zawarta jedynie dla pozoru jest nieważna, chyba że chroni osobę trzecią działającą w dobrej wierze. W przypadku błędu co do treści umowy, można uchylić się od jej skutków, lecz tylko gdy błąd był istotny i został wywołany przez drugą stronę lub ta o nim wiedziała. Uchylenie się od skutków oświadczenia woli złożonego pod wpływem groźby jest możliwe, pod warunkiem, że groźba dotyczyła poważnego niebezpieczeństwa. Skutki czynności prawnej można uzależnić od zdarzenia przyszłego i niepewnego (warunek), przy czym ziszczenie warunku nie działa wstecz, chyba że ustalono inaczej.",47966,53155
DU/2024/1061,Obwieszczenie Marszałka Sejmu Rzeczypospolitej Polskiej z dnia 21 czerwca 2024 r. w sprawie ogłoszenia jednolitego tekstu ustawy - Kodeks cywilny,"cywilne prawo,kodeks cywilny",Pełnomocnictwo | Prokura,"Dzierżawca może działać w imieniu właściciela tylko w zakresie zwykłego zarządu, chyba że posiada pełnomocnictwo na piśmie obejmujące konkretne czynności. Pełnomocnictwo może być odwołane w dowolnym momencie, chyba że umowa stanowi inaczej. Umowa zawarta przez pełnomocnika bez umocowania jest ważna tylko po potwierdzeniu przez osobę, w imieniu której działał. W przypadku braku potwierdzenia, pełnomocnik odpowiada za zwrot otrzymanych korzyści i naprawienie szkody. Prokura, w przeciwieństwie do pełnomocnictwa, obejmuje szeroki zakres czynności związanych z prowadzeniem przedsiębiorstwa i nie może być ograniczona wobec osób trzecich.",53155,59396
DU/2024/1061,Obwieszczenie Marszałka Sejmu Rzeczypospolitej Polskiej z dnia 21 czerwca 2024 r. w sprawie ogłoszenia jednolitego tekstu ustawy - Kodeks cywilny,"cywilne prawo,kodeks cywilny",Termin | Przedawnienie roszczeń,"Dzierżawca może liczyć terminy zgodnie z określonymi zasadami, np. termin miesięczny kończy się ostatniego dnia miesiąca, a termin w dniach – z upływem ostatniego dnia. Właściciel ma prawo dochodzić swych roszczeń majątkowych, ale te ulegają przedawnieniu po określonym czasie, zazwyczaj sześciu latach. Sąd może jednak w wyjątkowych sytuacjach, dotyczących konsumentów, nie uwzględnić przedawnienia, biorąc pod uwagę okoliczności sprawy. Bieg przedawnienia może zostać przerwany np. przez czynność przed sądem, po czym zaczyna biec na nowo, z wyjątkami określonymi w prawie. Roszczenia stwierdzone prawomocnym wyrokiem sądu przedawniają się po sześciu latach.",59396,66018
DU/2024/1061,Obwieszczenie Marszałka Sejmu Rzeczypospolitej Polskiej z dnia 21 czerwca 2024 r. w sprawie ogłoszenia jednolitego tekstu ustawy - Kodeks cywilny,"cywilne prawo,kodeks cywilny",Własność -> Przepisy ogólne | Treść i wykonywanie własności,"Właściciel może korzystać z rzeczy zgodnie z jej przeznaczeniem, np. zbierać owoce z drzew na swojej działce. Właściciel może także rozporządzać swoją rzeczą, np. ją sprzedać. W razie bezpośredniego zagrożenia życia lub zdrowia, inna osoba może uszkodzić lub zniszczyć cudzą rzecz, jednak właściciel może żądać odszkodowania. Właściciel nieruchomości musi powstrzymywać się od działań utrudniających korzystanie z nieruchomości sąsiednich ponad miarę. Właściciel gruntu bez dostępu do drogi publicznej może żądać od sąsiada ustanowienia służebności drogi koniecznej za wynagrodzeniem.",66018,71227
DU/2024/1061,Obwieszczenie Marszałka Sejmu Rzeczypospolitej Polskiej z dnia 21 czerwca 2024 r. w sprawie ogłoszenia jednolitego tekstu ustawy - Kodeks cywilny,"cywilne prawo,kodeks cywilny",Nabycie i utrata własności -> Przeniesienie własności | Zasiedzenie,"Dzierżawca może nabyć własność nieruchomości po 20 latach nieprzerwanego posiadania samoistnego, chyba że wszedł w posiadanie w złej wierze. W przypadku rzeczy ruchomych, okres ten wynosi 3 lata. Sprzedaż nieruchomości wymaga aktu notarialnego, a przeniesienie własności rzeczy oznaczonych tylko co do gatunku wymaga fizycznego przekazania. Współwłaściciele nieruchomości rolnej mają prawo pierwokupu przy sprzedaży udziału we współwłasności przez innego współwłaściciela. Nabycie własności rzeczy ruchomej od osoby nieuprawnionej jest możliwe, pod warunkiem posiadania w dobrej wierze i objęcia rzeczy w posiadanie, z zastrzeżeniem wyjątków.",71227,76852
DU/2024/1061,Obwieszczenie Marszałka Sejmu Rzeczypospolitej Polskiej z dnia 21 czerwca 2024 r. w sprawie ogłoszenia jednolitego tekstu ustawy - Kodeks cywilny,"cywilne prawo,kodeks cywilny",Inne wypadki nabycia i utraty własności -> Współwłasność,"Właściciel może porzucić rzecz ruchomą, pozbawiając się tym samym własności. Znalezioną rzecz nabywa znalazca po roku od wezwania do odbioru (lub dwóch latach bez wezwania), spełniając przy tym określone obowiązki. Właściciel roju pszczół może go odzyskać, ale ponosi koszty, jeśli rój osiadł w cudzym ulu niezajętym. Ten, kto wytworzy nową rzecz z cudzych materiałów, staje się jej właścicielem, jeżeli wartość pracy przewyższa wartość materiałów. Współwłaściciele mogą rozporządzać swoimi udziałami, ale do ważniejszych decyzji potrzebna jest zgoda wszystkich.",76852,89074
DU/2024/1061,Obwieszczenie Marszałka Sejmu Rzeczypospolitej Polskiej z dnia 21 czerwca 2024 r. w sprawie ogłoszenia jednolitego tekstu ustawy - Kodeks cywilny,"cywilne prawo,kodeks cywilny",Ochrona własności,"Właściciel może żądać zwrotu rzeczy od osoby, która ją faktycznie posiada, chyba że ta osoba ma uprawnienie do jej posiadania. Właściciel może dochodzić roszczeń o przywrócenie stanu zgodnego z prawem w przypadku innych naruszeń własności. Samoistny posiadacz w dobrej wierze nie ponosi odpowiedzialności za zużycie czy pogorszenie rzeczy, ale po wezwaniu do zwrotu – już tak. Samoistny posiadacz w dobrej wierze może żądać zwrotu nakładów, a w złej wierze – tylko tych koniecznych. Roszczenia właściciela wobec samoistnego posiadacza przedawniają się po roku od zwrotu rzeczy.",89074,94297
DU/2024/1061,Obwieszczenie Marszałka Sejmu Rzeczypospolitej Polskiej z dnia 21 czerwca 2024 r. w sprawie ogłoszenia jednolitego tekstu ustawy - Kodeks cywilny,"cywilne prawo,kodeks cywilny",Użytkowanie wieczyste | Prawa rzeczowe ograniczone -> Przepisy ogólne,"Dzierżawca może uzyskać użytkowanie wieczyste gruntu należącego do Skarbu Państwa lub samorządu, na okres do 99 lat, z możliwością przedłużenia. Właściciel budynku wzniesionego na takim gruncie posiada prawo własności do niego. Użytkownik wieczysty ma prawo rozporządzać swoim prawem, ale w granicach określonych w umowie i przepisach. Umowa o użytkowanie wieczyste powinna określać sposób korzystania z gruntu, a jej rozwiązanie może nastąpić przed czasem w przypadku naruszenia jej postanowień. Użytkownik wieczysty ponosi opłatę roczną.",94297,102010
DU/2024/1061,Obwieszczenie Marszałka Sejmu Rzeczypospolitej Polskiej z dnia 21 czerwca 2024 r. w sprawie ogłoszenia jednolitego tekstu ustawy - Kodeks cywilny,"cywilne prawo,kodeks cywilny",Użytkowanie -> Przepisy ogólne | Użytkowanie przez osoby fizyczne | Użytkowanie przez rolnicze spółdzielnie produkcyjne,"Dzierżawca może korzystać z rzeczy i pobierać jej pożytki, ale zakres użytkowania może być ograniczony. Właściciel nie musi ponosić nakładów na rzecz obciążoną użytkowaniem, jednak użytkownik jest zobowiązany do napraw związanych ze zwykłym korzystaniem. Użytkowanie wygasa po dziesięciu latach niekorzystania lub ze śmiercią użytkownika, jeśli jest nim osoba fizyczna. Po wygaśnięciu użytkowania, użytkownik musi zwrócić rzecz we właściwym stanie. W przypadku użytkowania zespołu środków produkcji, użytkownik może je zastępować, ale po ustaniu użytkowania musi zwrócić zespół o takiej samej wartości.",102010,109575
DU/2024/1061,Obwieszczenie Marszałka Sejmu Rzeczypospolitej Polskiej z dnia 21 czerwca 2024 r. w sprawie ogłoszenia jednolitego tekstu ustawy - Kodeks cywilny,"cywilne prawo,kodeks cywilny",Inne wypadki użytkowania -> Służebności -> Służebności gruntowe | Służebności osobiste,"Właściciel nieruchomości może obciążyć ją służebnością gruntową na rzecz innej nieruchomości, np. prawa przejazdu. Służebność gruntowa musi zwiększać użyteczność nieruchomości władnącej. Właściciel nieruchomości obciążonej może żądać zmiany lub zniesienia służebności, jeśli stała się szczególnie uciążliwa. Służebność osobista, przysługująca konkretnej osobie, wygasa po jej śmierci i jest niezbywalna, np. służebność mieszkania. W przypadku rażących uchybień właściciel nieruchomości może żądać zamiany służebności osobistej na rentę.",109575,115638
DU/2024/1061,Obwieszczenie Marszałka Sejmu Rzeczypospolitej Polskiej z dnia 21 czerwca 2024 r. w sprawie ogłoszenia jednolitego tekstu ustawy - Kodeks cywilny,"cywilne prawo,kodeks cywilny",Służebność przesyłu -> Zastaw -> Zastaw na rzeczach ruchomych,"Właściciel nieruchomości może odmówić ustanowienia służebności przesyłu, ale przedsiębiorca może ją wyegzekwować za odpowiednim wynagrodzeniem, jeśli jest ona niezbędna. Przedsiębiorca może również żądać wynagrodzenia za ustanowienie służebności, jeśli właściciel nieruchomości się na nią nie zgadza. Służebność przesyłu wygasa wraz z likwidacją przedsiębiorstwa, a przedsiębiorca musi usunąć urządzenia, chyba że spowodowałoby to nadmierne trudności. Zastaw na rzeczy ruchomej zabezpiecza wierzytelność, a wierzyciel może dochodzić zaspokojenia z rzeczy niezależnie od jej właściciela. Zastawnik może dochodzić zaspokojenia z rzeczy obciążonej nawet po przedawnieniu wierzytelności (z wyjątkiem odsetek i świadczeń ubocznych).",115638,122499
DU/2024/1061,Obwieszczenie Marszałka Sejmu Rzeczypospolitej Polskiej z dnia 21 czerwca 2024 r. w sprawie ogłoszenia jednolitego tekstu ustawy - Kodeks cywilny,"cywilne prawo,kodeks cywilny",Zastaw na prawach -> Posiadanie,"Dzierżawca jest posiadaczem zależnym rzeczy, podobnie jak najemca czy zastawnik. Zastawnik może podejmować działania chroniące obciążone zastawem prawo. Ustanowienie zastawu na prawie wymaga pisemnej umowy z datą pewną, a w przypadku wierzytelności – również zawiadomienia dłużnika. Posiadacz może żądać przywrócenia stanu poprzedniego po samowolnym naruszeniu posiadania. W przypadku naruszenia posiadania nieruchomości, posiadacz może samodzielnie przywrócić stan poprzedni, bez użycia przemocy.",122499,128782
DU/2024/1061,Obwieszczenie Marszałka Sejmu Rzeczypospolitej Polskiej z dnia 21 czerwca 2024 r. w sprawie ogłoszenia jednolitego tekstu ustawy - Kodeks cywilny,"cywilne prawo,kodeks cywilny",Przepisy ogólne,"Dłużnik musi wykonać zobowiązanie zgodnie z umową, stosując się do zasad współżycia społecznego i zwyczajów. Wierzyciel może żądać osobistego świadczenia dłużnika jedynie, gdy wynika to z umowy lub prawa. W przypadku zobowiązania pieniężnego, wierzyciel nie może odmówić przyjęcia płatności od osoby trzeciej. Sąd może zmienić sposób wykonania zobowiązania, jeśli spełnienie świadczenia wiąże się z nadmiernymi trudnościami dla jednej ze stron. Wysokość odsetek nie może przekroczyć dwukrotności odsetek ustawowych.",128782,136452
DU/2024/1061,Obwieszczenie Marszałka Sejmu Rzeczypospolitej Polskiej z dnia 21 czerwca 2024 r. w sprawie ogłoszenia jednolitego tekstu ustawy - Kodeks cywilny,"cywilne prawo,kodeks cywilny",Wielość dłużników albo wierzycieli -> Zobowiązania solidarne | Zobowiązania podzielne i niepodzielne,"Wierzyciel może żądać całości długu od każdego z dłużników solidarnych. Dłużnik może wybrać, któremu z wierzycieli solidarnych zapłacić. Jeżeli kilku osób zobowiązało się do długu dotyczącego wspólnego mienia, są one zobowiązane solidarnie. Dłużnik solidarny, który spłacił dług, może żądać zwrotu od współdłużników. W przypadku świadczenia niepodzielnego, wszyscy dłużnicy odpowiadają solidarnie, a wierzyciel może żądać całości świadczenia od każdego z nich.",136452,141728
DU/2024/1061,Obwieszczenie Marszałka Sejmu Rzeczypospolitej Polskiej z dnia 21 czerwca 2024 r. w sprawie ogłoszenia jednolitego tekstu ustawy - Kodeks cywilny,"cywilne prawo,kodeks cywilny",Ogólne przepisy o zobowiązaniach umownych,"Dzierżawca nie zapłaci więcej za wybraną metodę płatności niż rzeczywiste koszty przedsiębiorcy. Wzorzec umowy, np. regulamin, wiąże drugą stronę, jeśli otrzymała go przed podpisaniem umowy, a w niektórych przypadkach także jeśli jego treść była łatwo dostępna. Postanowienia wzorca umowy sprzeczne z umową nie wiążą stron; postanowienia niejasne interpretuje się na korzyść konsumenta. Postanowienia umowne rażąco naruszające interesy konsumenta i sprzeczne z dobrymi obyczajami są nieważne, z wyjątkiem określających główne świadczenia. Umowa, w której wartość świadczenia jednej strony znacznie przewyższa drugą, może zostać unieważniona.",141728,155339
DU/2024/1061,Obwieszczenie Marszałka Sejmu Rzeczypospolitej Polskiej z dnia 21 czerwca 2024 r. w sprawie ogłoszenia jednolitego tekstu ustawy - Kodeks cywilny,"cywilne prawo,kodeks cywilny",V | Bezpodstawne wzbogacenie | Czyny niedozwolone (Część 1/2),"Dzierżawca może żądać zwrotu poniesionych nakładów, jeśli zwiększyły one wartość przedmiotu dzierżawy. Właściciel ma prawo do zwrotu korzyści majątkowej uzyskanej bezpodstawnie przez inną osobę. Osoba trzecia, która bezpłatnie otrzymała korzyść, odpowiada za jej zwrot. Poszkodowany może żądać naprawienia szkody wyrządzonej przez winę innej osoby. Odpowiedzialność za szkodę ponosi również osoba, która nakłoniła do jej wyrządzenia lub z niej skorzystała.",155339,170339
DU/2024/1061,Obwieszczenie Marszałka Sejmu Rzeczypospolitej Polskiej z dnia 21 czerwca 2024 r. w sprawie ogłoszenia jednolitego tekstu ustawy - Kodeks cywilny,"cywilne prawo,kodeks cywilny",V | Bezpodstawne wzbogacenie | Czyny niedozwolone (Część 2/2),"Poszkodowany w wypadku może żądać zwrotu kosztów leczenia i rehabilitacji. W razie utraty zdolności do pracy, przysługuje mu renta. Ofiara czynu niedozwolonego może otrzymać zadośćuczynienie za doznaną krzywdę. W przypadku śmierci poszkodowanego, jego bliscy mogą ubiegać się o rentę i odszkodowanie. Dziecko może dochodzić roszczeń za szkody poniesione przed urodzeniem.",170339,174932
DU/2024/1061,Obwieszczenie Marszałka Sejmu Rzeczypospolitej Polskiej z dnia 21 czerwca 2024 r. w sprawie ogłoszenia jednolitego tekstu ustawy - Kodeks cywilny,"cywilne prawo,kodeks cywilny",1 | Wykonanie zobowiązań i skutki ich niewykonania -> Wykonanie zobowiązań,"Producent odpowiada za szkody wyrządzone przez niebezpieczny produkt, np. wadliwą zabawkę, jeśli wprowadził go do obrotu w ramach działalności gospodarczej. Dłużnik może wskazać, na który dług chce przeznaczyć spłatę, chyba że wierzyciel już zaliczył ją na konkretny dług. Wierzyciel może odmówić przyjęcia częściowej spłaty, jedynie gdy narusza to jego interesy. Dłużnik może złożyć przedmiot świadczenia do depozytu sądowego, np. gdy nie zna wierzyciela lub gdy wierzyciel nie może przyjąć świadczenia. W razie sporu o to, kto jest producentem niebezpiecznego produktu, odpowiada ten, kto go sprzedał, chyba że wskaże producenta w miesiąc od zgłoszenia szkody.",174932,187442
DU/2024/1061,Obwieszczenie Marszałka Sejmu Rzeczypospolitej Polskiej z dnia 21 czerwca 2024 r. w sprawie ogłoszenia jednolitego tekstu ustawy - Kodeks cywilny,"cywilne prawo,kodeks cywilny",Skutki niewykonania zobowiązań,"Dłużnik odpowiada za szkodę z niewykonania zobowiązania, chyba że zaistniały okoliczności go zwalniające. Właściciel może żądać odszkodowania za zwłokę w spełnieniu zobowiązania, a nawet odstąpić od umowy, jeśli świadczenie straciło znaczenie. Dłużnik ponosi odpowiedzialność za działania osób, którym powierzył wykonanie zobowiązania. W przypadku świadczeń pieniężnych, wierzyciel może żądać odsetek za opóźnienie, nawet bez poniesienia szkody. Strony mogą umownie ustalić karę umowną za niewykonanie zobowiązania.",187442,194295
DU/2024/1061,Obwieszczenie Marszałka Sejmu Rzeczypospolitej Polskiej z dnia 21 czerwca 2024 r. w sprawie ogłoszenia jednolitego tekstu ustawy - Kodeks cywilny,"cywilne prawo,kodeks cywilny",Wykonanie i skutki niewykonania zobowiązań z umów wzajemnych,"Dzierżawca może wstrzymać się z zapłatą czynszu, jeśli właściciel nie udostępni lokalu. Właściciel ma prawo żądać wykonania zobowiązania i odszkodowania, jeśli najemca zalega z płatnością. W przypadku zwłoki jednej ze stron w umowie wzajemnej, druga strona może odstąpić od umowy lub żądać wykonania zobowiązania i naprawienia szkody. Jeśli jedna ze stron uniemożliwi wykonanie umowy z winy, druga strona może żądać odszkodowania lub odstąpić od umowy. Przy odstąpieniu od umowy, każda ze stron ma obowiązek zwrócić drugiej stronie otrzymane świadczenia.",194295,199659
DU/2024/1061,Obwieszczenie Marszałka Sejmu Rzeczypospolitej Polskiej z dnia 21 czerwca 2024 r. w sprawie ogłoszenia jednolitego tekstu ustawy - Kodeks cywilny,"cywilne prawo,kodeks cywilny","Potrącenie, odnowienie, zwolnienie z długu | Zmiana wierzyciela lub dłużnika -> Zmiana wierzyciela","Dłużnik może potrącić swoją wierzytelność z wierzytelności wierzyciela, jeśli obie są wymagalne i dotyczą pieniędzy lub rzeczy jednakowej jakości. W przypadku potrącenia, wierzytelności wzajemnie się umarzają do wysokości niższej z nich. Zmianę wierzyciela (przelew) można dokonać bez zgody dłużnika, chyba że umowa stanowi inaczej. Dłużnikowi przysługują wobec nowego wierzyciela te same zarzuty, które miał wobec poprzedniego, ale tylko te, które znał w momencie powiadomienia o przelewie. Wierzyciel może zwolnić dłużnika z długu, co powoduje wygaśnięcie zobowiązania.",199659,206482
DU/2024/1061,Obwieszczenie Marszałka Sejmu Rzeczypospolitej Polskiej z dnia 21 czerwca 2024 r. w sprawie ogłoszenia jednolitego tekstu ustawy - Kodeks cywilny,"cywilne prawo,kodeks cywilny",Zmiana dłużnika -> Ochrona wierzyciela w razie niewypłacalności dłużnika,"Dłużnik może zostać zwolniony z długu, jeżeli osoba trzecia go przejmie, za zgodą wierzyciela lub dłużnika. Wierzyciel może odmówić zgody na przejęcie długu, a umowa o przejęcie długu musi być pisemna. Przejmujący dług dziedziczy prawa i obowiązki dłużnika, z wyjątkami określonymi w ustawie. Jeżeli dłużnik działa na szkodę wierzycieli, wierzyciel może żądać unieważnienia transakcji, np. darowizny, dokonanej przez dłużnika, nawet wobec osoby trzeciej, która o tym nie wiedziała. W przypadku unieważnienia transakcji, wierzyciel ma pierwszeństwo zaspokojenia z odzyskanego majątku.",206482,212404
DU/2024/1061,Obwieszczenie Marszałka Sejmu Rzeczypospolitej Polskiej z dnia 21 czerwca 2024 r. w sprawie ogłoszenia jednolitego tekstu ustawy - Kodeks cywilny,"cywilne prawo,kodeks cywilny",Sprzedaż -> Przepisy ogólne,"Sprzedawca zobowiązuje się do przeniesienia własności rzeczy i jej wydania kupującemu, który z kolei zobowiązuje się do odbioru i zapłaty ceny. Cenę można określić w umowie lub wskazać podstawy jej ustalenia; w razie wątpliwości, przyjmuje się cenę rynkową z miejsca i czasu wydania. Jeżeli obowiązują ceny sztywne, maksymalne lub minimalne, cena sprzedaży musi im odpowiadać, a różnica ceny podlega zwrotowi lub dopłacie. W przypadku zwłoki kupującego z odbiorem, sprzedawca może oddać rzecz na przechowanie lub sprzedać ją na koszt kupującego. Roszczenia z tytułu sprzedaży przedawniają się po dwóch latach, z wyjątkiem sprzedaży w ramach działalności przedsiębiorstwa, gdzie termin wynosi dwa lata.",212404,222724
DU/2024/1061,Obwieszczenie Marszałka Sejmu Rzeczypospolitej Polskiej z dnia 21 czerwca 2024 r. w sprawie ogłoszenia jednolitego tekstu ustawy - Kodeks cywilny,"cywilne prawo,kodeks cywilny",Rękojmia za wady,"Kupujący może żądać naprawy lub wymiany wadliwego towaru, a w przypadku wady istotnej – obniżenia ceny lub odstąpienia od umowy. Sprzedawca odpowiada za wady fizyczne istniejące w chwili przejścia ryzyka na kupującego, a także za wady wynikające z przyczyny tkwiącej w rzeczy. Konsument ma domniemanie istnienia wady, jeśli została ona stwierdzona przed upływem roku od wydania rzeczy. W przypadku wad prawnych, sprzedawca odpowiada, jeśli rzecz jest własnością osoby trzeciej lub obciążona prawem innej osoby. Uprawnienia z tytułu rękojmi wygasać mogą po upływie określonych terminów, z zastrzeżeniem wyjątków, takich jak podstępne zatajenie wady przez sprzedawcę.",222724,237607
DU/2024/1061,Obwieszczenie Marszałka Sejmu Rzeczypospolitej Polskiej z dnia 21 czerwca 2024 r. w sprawie ogłoszenia jednolitego tekstu ustawy - Kodeks cywilny,"cywilne prawo,kodeks cywilny",1 | Gwarancja przy sprzedaży | Szczególne rodzaje sprzedaży -> Sprzedaż na raty,"Dzierżawca może żądać naprawy lub wymiany wadliwej rzeczy objętej gwarancją. Sprzedawca odpowiada za wady rzeczy niezależnie od gwarancji, ale bieg terminu na dochodzenie roszczeń z tytułu rękojmi ulega zawieszeniu podczas trwania procedury gwarancyjnej. Gwarant ma obowiązek usunąć wadę lub dostarczyć rzecz wolną od wad w terminie 14 dni od dostarczenia mu rzeczy wadliwej. Przy sprzedaży na raty, wyłączenie lub ograniczenie odpowiedzialności sprzedawcy z tytułu rękojmi jest możliwe tylko w określonych przypadkach.",237607,244955
DU/2024/1061,Obwieszczenie Marszałka Sejmu Rzeczypospolitej Polskiej z dnia 21 czerwca 2024 r. w sprawie ogłoszenia jednolitego tekstu ustawy - Kodeks cywilny,"cywilne prawo,kodeks cywilny",Zastrzeżenie własności rzeczy sprzedanej. Sprzedaż na próbę | Prawo odkupu | Prawo pierwokupu,"Sprzedawca może zastrzec sobie własność rzeczy ruchomej do momentu zapłaty, a w razie wątpliwości własność przechodzi pod warunkiem zawieszającym. Kupujący, otrzymując rzecz z zastrzeżeniem własności, musi otrzymać pisemne potwierdzenie; w razie uszkodzenia rzeczy, sprzedawca może żądać odszkodowania. Sprzedaż na próbę uznaje się za zawartą pod warunkiem zawieszającym, że kupujący uzna rzecz za dobrą. Sprzedawca może skorzystać z prawa odkupu w ciągu pięciu lat, zwracając cenę i koszty oraz ewentualne nakłady kupującego.",244955,250253
DU/2024/1061,Obwieszczenie Marszałka Sejmu Rzeczypospolitej Polskiej z dnia 21 czerwca 2024 r. w sprawie ogłoszenia jednolitego tekstu ustawy - Kodeks cywilny,"cywilne prawo,kodeks cywilny",Zamiana | Dostawa | Kontraktacja,"Właściciel może wymienić swoją rzecz na rzecz innej osoby. Dostawca zobowiązuje się do wytworzenia i dostarczenia towarów, a odbiorca – do ich odbioru i zapłaty. Producent rolny w kontraktacji zobowiązuje się do wytworzenia i dostarczenia produktów rolnych, a odbiorca – do ich odbioru i zapłaty ceny. W przypadku wadliwego wykonania przedmiotu dostawy, odbiorca może wezwać dostawcę do poprawy. Odpowiedzialność za wady w kontraktacji rolnej jest uregulowana analogicznie do sprzedaży, z uwzględnieniem specyfiki produkcji rolnej.",250253,257553
DU/2024/1061,Obwieszczenie Marszałka Sejmu Rzeczypospolitej Polskiej z dnia 21 czerwca 2024 r. w sprawie ogłoszenia jednolitego tekstu ustawy - Kodeks cywilny,"cywilne prawo,kodeks cywilny",Umowa o dzieło,"Dzierżawca może żądać podwyższenia wynagrodzenia, jeżeli konieczne są prace dodatkowe nieujęte w kosztorysowej umowie, sporządzonej przez zamawiającego. Właściciel ma prawo odstąpić od umowy, jeśli konieczne jest znaczne podwyższenie wynagrodzenia kosztorysowego, lecz musi to zrobić natychmiast i zapłacić część należności. Przyjmujący zamówienie nie może żądać podwyżki przy umowie ryczałtowej, chyba że wykonanie dzieła grozi mu rażącą stratą z powodu nieprzewidzianych okoliczności. Zamawiający może odstąpić od umowy, jeśli wykonawca opóźnia się znacząco lub wykonuje dzieło wadliwie, lecz musi wyznaczyć termin poprawy. W przypadku wadliwego materiału dostarczonego przez zamawiającego, wykonawca może żądać wynagrodzenia za wykonaną część pracy.",257553,264736
DU/2024/1061,Obwieszczenie Marszałka Sejmu Rzeczypospolitej Polskiej z dnia 21 czerwca 2024 r. w sprawie ogłoszenia jednolitego tekstu ustawy - Kodeks cywilny,"cywilne prawo,kodeks cywilny",Umowa o roboty budowlane,"Wykonawca zobowiązuje się do oddania obiektu zgodnego z projektem i zasadami wiedzy technicznej. Inwestor odpowiada solidarnie z wykonawcą za wynagrodzenie podwykonawcy, chyba że w terminie 30 dni zgłosi sprzeciw. Umowa o roboty budowlane musi być na piśmie, a wykonawca może żądać gwarancji zapłaty od inwestora. W przypadku braku gwarancji w terminie 45 dni, wykonawca może odstąpić od umowy. Inwestor ma obowiązek przyjmowania częściowo wykonanych robót i płacić za nie.",264736,271661
DU/2024/1061,Obwieszczenie Marszałka Sejmu Rzeczypospolitej Polskiej z dnia 21 czerwca 2024 r. w sprawie ogłoszenia jednolitego tekstu ustawy - Kodeks cywilny,"cywilne prawo,kodeks cywilny",Najem i dzierżawa -> Najem -> Przepisy ogólne,"Wynajmujący musi wydać najemcy rzecz w stanie umożliwiającym jej użytkowanie zgodnie z umową i utrzymywać ją w takim stanie. Najemca ma obowiązek płacić czynsz, a umowa najmu nieruchomości na dłużej niż rok powinna być pisemna; w przeciwnym razie uznaje się ją za zawartą na czas nieokreślony. Najemca może żądać obniżenia czynszu z powodu wad rzeczy, a nawet wypowiedzieć umowę, jeśli wady uniemożliwiają użytkowanie. Wynajmujący może wypowiedzieć najem bez zachowania terminów, jeśli najemca zalega z czynszem za dwa okresy płatności. Po zakończeniu najmu najemca zwraca rzecz w stanie niepogorszonym, z wyjątkiem normalnego zużycia.",271661,279801
DU/2024/1061,Obwieszczenie Marszałka Sejmu Rzeczypospolitej Polskiej z dnia 21 czerwca 2024 r. w sprawie ogłoszenia jednolitego tekstu ustawy - Kodeks cywilny,"cywilne prawo,kodeks cywilny",Najem lokalu,"Najemca ma obowiązek dokonywania drobnych napraw, np. malowania ścian czy naprawy podłóg. W przypadku wad zagrażających zdrowiu, najemca może wypowiedzieć umowę bez zachowania terminów. Małżonkowie są najemcami wspólnie, nawet przy rozdzielności majątkowej, chyba że sąd orzeknie inaczej. Najemca może instalować urządzenia, np. elektryczne, po uzyskaniu zgody wynajmującego, gdy jest to konieczne. Wynajmujący może podwyższyć czynsz z miesięcznym wypowiedzeniem.",279801,284992
DU/2024/1061,Obwieszczenie Marszałka Sejmu Rzeczypospolitej Polskiej z dnia 21 czerwca 2024 r. w sprawie ogłoszenia jednolitego tekstu ustawy - Kodeks cywilny,"cywilne prawo,kodeks cywilny",Dzierżawa -> 1,"Dzierżawca zobowiązany jest płacić czynsz, który może być w gotówce lub innej formie, np. ułamkiem pożytków. Właściciel ma prawo do wypowiedzenia umowy bez zachowania terminów, jeśli dzierżawca nie płaci czynszu przez dwa okresy płatności (lub ponad trzy miesiące w przypadku płatności rocznych), po uprzednim, trzymiesięcznym upomnieniu. Dzierżawca musi dbać o rzecz i nie może jej poddzierżawiać ani oddawać bez zgody właściciela. W przypadku znacznego spadku dochodów z powodu siły wyższej, dzierżawca może wnioskować o obniżenie czynszu. Umowa dzierżawy na czas dłuższy niż 30 lat traktowana jest jako umowa na czas nieoznaczony.",284992,296920
DU/2024/1061,Obwieszczenie Marszałka Sejmu Rzeczypospolitej Polskiej z dnia 21 czerwca 2024 r. w sprawie ogłoszenia jednolitego tekstu ustawy - Kodeks cywilny,"cywilne prawo,kodeks cywilny",Użyczenie | Pożyczka,"Dzierżawca może używać rzeczy zgodnie z jej przeznaczeniem, chyba że umowa stanowi inaczej. Właściciel ma prawo do żądania zwrotu rzeczy, jeśli dzierżawca używa jej niezgodnie z umową lub przeznaczeniem. Użyczający odpowiada za szkody spowodowane wadami rzeczy, o których wiedział, ale nie poinformował dzierżawcy. Dzierżawca ponosi zwykłe koszty utrzymania rzeczy, a za jej utratę lub uszkodzenie odpowiada, gdy używa jej niezgodnie z umową. Po zakończeniu użyczenia, dzierżawca musi zwrócić rzecz w stanie niepogorszonym, z wyjątkiem normalnego zużycia.",296920,306485
DU/2024/1061,Obwieszczenie Marszałka Sejmu Rzeczypospolitej Polskiej z dnia 21 czerwca 2024 r. w sprawie ogłoszenia jednolitego tekstu ustawy - Kodeks cywilny,"cywilne prawo,kodeks cywilny",Umowa rachunku bankowego | Zlecenie,"Posiadacz rachunku bankowego ma prawo do przechowywania środków pieniężnych w banku oraz do przeprowadzania rozliczeń. Bank może czasowo wykorzystywać wolne środki, z obowiązkiem zwrotu na żądanie, chyba że umowa stanowi inaczej. Bank może odmówić wykonania zlecenia tylko w określonych przepisami sytuacjach. Posiadacz rachunku ma obowiązek zgłosić niezgodności na wyciągu w ciągu 14 dni. Roszczenia z tytułu rachunku bankowego przedawniają się po dwóch latach, z wyjątkiem roszczeń o zwrot wkładów oszczędnościowych.",306485,314261
